Code,Name,Type,PayLater,PayLaterTotal,State,City,Full Location,URL
HSV,kia,Ford Fiesta or similar,21383.89,25214.33,Alabama,Huntsville Intl Airport ,"HUNTSVILLE INTL AIRPORT (HSV) 1000 Glenn Hearn Blvd SW, 1000 Glenn Hearn Blvd SW, Ste 109B, Huntsville, AL, 35824, U S A",https://www.budget.com/en/locations/us/al/huntsville/hsv
HSV,kia,Kia Soul or similar,21383.89,25214.33,Alabama,Huntsville Intl Airport ,"HUNTSVILLE INTL AIRPORT (HSV) 1000 Glenn Hearn Blvd SW, 1000 Glenn Hearn Blvd SW, Ste 109B, Huntsville, AL, 35824, U S A",https://www.budget.com/en/locations/us/al/huntsville/hsv
HSV,toyota,Toyota Corolla or similar,23583.89,27710.48,Alabama,Huntsville Intl Airport ,"HUNTSVILLE INTL AIRPORT (HSV) 1000 Glenn Hearn Blvd SW, 1000 Glenn Hearn Blvd SW, Ste 109B, Huntsville, AL, 35824, U S A",https://www.budget.com/en/locations/us/al/huntsville/hsv
HSV,volkswagen,Volkswagen Jetta or similar,20668.89,24403.08,Alabama,Huntsville Intl Airport ,"HUNTSVILLE INTL AIRPORT (HSV) 1000 Glenn Hearn Blvd SW, 1000 Glenn Hearn Blvd SW, Ste 109B, Huntsville, AL, 35824, U S A",https://www.budget.com/en/locations/us/al/huntsville/hsv
HSV,toyota,Toyota Camry or similar,20668.89,24403.08,Alabama,Huntsville Intl Airport ,"HUNTSVILLE INTL AIRPORT (HSV) 1000 Glenn Hearn Blvd SW, 1000 Glenn Hearn Blvd SW, Ste 109B, Huntsville, AL, 35824, U S A",https://www.budget.com/en/locations/us/al/huntsville/hsv
HSV,chevrolet,Chevrolet Traverse or similar,26333.89,30830.67,Alabama,Huntsville Intl Airport ,"HUNTSVILLE INTL AIRPORT (HSV) 1000 Glenn Hearn Blvd SW, 1000 Glenn Hearn Blvd SW, Ste 109B, Huntsville, AL, 35824, U S A",https://www.budget.com/en/locations/us/al/huntsville/hsv
HSV,volkswagen,Volkswagen Passat or similar,48883.89,56416.22,Alabama,Huntsville Intl Airport ,"HUNTSVILLE INTL AIRPORT (HSV) 1000 Glenn Hearn Blvd SW, 1000 Glenn Hearn Blvd SW, Ste 109B, Huntsville, AL, 35824, U S A",https://www.budget.com/en/locations/us/al/huntsville/hsv
HSV,chrysler,Chrysler 300 or similar,43383.89,50175.84,Alabama,Huntsville Intl Airport ,"HUNTSVILLE INTL AIRPORT (HSV) 1000 Glenn Hearn Blvd SW, 1000 Glenn Hearn Blvd SW, Ste 109B, Huntsville, AL, 35824, U S A",https://www.budget.com/en/locations/us/al/huntsville/hsv
HSV,chevrolet,Chevrolet Suburban or similar,43383.89,50175.84,Alabama,Huntsville Intl Airport ,"HUNTSVILLE INTL AIRPORT (HSV) 1000 Glenn Hearn Blvd SW, 1000 Glenn Hearn Blvd SW, Ste 109B, Huntsville, AL, 35824, U S A",https://www.budget.com/en/locations/us/al/huntsville/hsv
HSV,ford,Ford Edge or similar,23033.89,27086.45,Alabama,Huntsville Intl Airport ,"HUNTSVILLE INTL AIRPORT (HSV) 1000 Glenn Hearn Blvd SW, 1000 Glenn Hearn Blvd SW, Ste 109B, Huntsville, AL, 35824, U S A",https://www.budget.com/en/locations/us/al/huntsville/hsv
HSV,chrysler,Chrysler Pacifica or similar,37883.89,43935.46,Alabama,Huntsville Intl Airport ,"HUNTSVILLE INTL AIRPORT (HSV) 1000 Glenn Hearn Blvd SW, 1000 Glenn Hearn Blvd SW, Ste 109B, Huntsville, AL, 35824, U S A",https://www.budget.com/en/locations/us/al/huntsville/hsv
HSV,toyota,Toyota Rav4 or similar,20096.89,23754.08,Alabama,Huntsville Intl Airport ,"HUNTSVILLE INTL AIRPORT (HSV) 1000 Glenn Hearn Blvd SW, 1000 Glenn Hearn Blvd SW, Ste 109B, Huntsville, AL, 35824, U S A",https://www.budget.com/en/locations/us/al/huntsville/hsv
HSV,chevrolet,Chevrolet Tahoe or similar,43383.89,50175.84,Alabama,Huntsville Intl Airport ,"HUNTSVILLE INTL AIRPORT (HSV) 1000 Glenn Hearn Blvd SW, 1000 Glenn Hearn Blvd SW, Ste 109B, Huntsville, AL, 35824, U S A",https://www.budget.com/en/locations/us/al/huntsville/hsv
HSV,ram,RAM 1500 or similar,23583.89,27710.48,Alabama,Huntsville Intl Airport ,"HUNTSVILLE INTL AIRPORT (HSV) 1000 Glenn Hearn Blvd SW, 1000 Glenn Hearn Blvd SW, Ste 109B, Huntsville, AL, 35824, U S A",https://www.budget.com/en/locations/us/al/huntsville/hsv
MOB,toyota,Toyota Yaris or similar,9900.00,13919.11,Alabama,Mobile Regional Airport ,"MOBILE REGIONAL AIRPORT (MOB) 8400 Airport Blvd, 8400 Airport Blvd, Mobile, AL, 36608, U S A",https://www.budget.com/en/locations/us/al/mobile/mob
MOB,toyota,Toyota Yaris or similar,9900.00,13919.11,Alabama,Mobile Regional Airport ,"MOBILE REGIONAL AIRPORT (MOB) 8400 Airport Blvd, 8400 Airport Blvd, Mobile, AL, 36608, U S A",https://www.budget.com/en/locations/us/al/mobile/mob
MOB,kia,Kia Soul or similar,11000.00,15292.46,Alabama,Mobile Regional Airport ,"MOBILE REGIONAL AIRPORT (MOB) 8400 Airport Blvd, 8400 Airport Blvd, Mobile, AL, 36608, U S A",https://www.budget.com/en/locations/us/al/mobile/mob
MOB,toyota,Toyota Yaris or similar,9900.00,13919.11,Alabama,Mobile Regional Airport ,"MOBILE REGIONAL AIRPORT (MOB) 8400 Airport Blvd, 8400 Airport Blvd, Mobile, AL, 36608, U S A",https://www.budget.com/en/locations/us/al/mobile/mob
MOB,kia,Kia Soul or similar,11000.00,15292.46,Alabama,Mobile Regional Airport ,"MOBILE REGIONAL AIRPORT (MOB) 8400 Airport Blvd, 8400 Airport Blvd, Mobile, AL, 36608, U S A",https://www.budget.com/en/locations/us/al/mobile/mob
MOB,toyota,Toyota Corolla or similar,12100.00,16665.81,Alabama,Mobile Regional Airport ,"MOBILE REGIONAL AIRPORT (MOB) 8400 Airport Blvd, 8400 Airport Blvd, Mobile, AL, 36608, U S A",https://www.budget.com/en/locations/us/al/mobile/mob
MOB,toyota,Toyota Yaris or similar,9900.00,13919.11,Alabama,Mobile Regional Airport ,"MOBILE REGIONAL AIRPORT (MOB) 8400 Airport Blvd, 8400 Airport Blvd, Mobile, AL, 36608, U S A",https://www.budget.com/en/locations/us/al/mobile/mob
MOB,kia,Kia Soul or similar,11000.00,15292.46,Alabama,Mobile Regional Airport ,"MOBILE REGIONAL AIRPORT (MOB) 8400 Airport Blvd, 8400 Airport Blvd, Mobile, AL, 36608, U S A",https://www.budget.com/en/locations/us/al/mobile/mob
MOB,toyota,Toyota Corolla or similar,12100.00,16665.81,Alabama,Mobile Regional Airport ,"MOBILE REGIONAL AIRPORT (MOB) 8400 Airport Blvd, 8400 Airport Blvd, Mobile, AL, 36608, U S A",https://www.budget.com/en/locations/us/al/mobile/mob
MOB,ford,Ford Fusion or similar,13750.00,18725.84,Alabama,Mobile Regional Airport ,"MOBILE REGIONAL AIRPORT (MOB) 8400 Airport Blvd, 8400 Airport Blvd, Mobile, AL, 36608, U S A",https://www.budget.com/en/locations/us/al/mobile/mob
MOB,toyota,Toyota Camry or similar,13750.00,18725.84,Alabama,Mobile Regional Airport ,"MOBILE REGIONAL AIRPORT (MOB) 8400 Airport Blvd, 8400 Airport Blvd, Mobile, AL, 36608, U S A",https://www.budget.com/en/locations/us/al/mobile/mob
MOB,toyota,Toyota Yaris or similar,9900.00,13919.11,Alabama,Mobile Regional Airport ,"MOBILE REGIONAL AIRPORT (MOB) 8400 Airport Blvd, 8400 Airport Blvd, Mobile, AL, 36608, U S A",https://www.budget.com/en/locations/us/al/mobile/mob
MOB,kia,Kia Soul or similar,11000.00,15292.46,Alabama,Mobile Regional Airport ,"MOBILE REGIONAL AIRPORT (MOB) 8400 Airport Blvd, 8400 Airport Blvd, Mobile, AL, 36608, U S A",https://www.budget.com/en/locations/us/al/mobile/mob
MOB,toyota,Toyota Corolla or similar,12100.00,16665.81,Alabama,Mobile Regional Airport ,"MOBILE REGIONAL AIRPORT (MOB) 8400 Airport Blvd, 8400 Airport Blvd, Mobile, AL, 36608, U S A",https://www.budget.com/en/locations/us/al/mobile/mob
MOB,ford,Ford Fusion or similar,13750.00,18725.84,Alabama,Mobile Regional Airport ,"MOBILE REGIONAL AIRPORT (MOB) 8400 Airport Blvd, 8400 Airport Blvd, Mobile, AL, 36608, U S A",https://www.budget.com/en/locations/us/al/mobile/mob
